ACACIA_BOAT,0,acaciaboat
ACACIA_BUTTON,0,acaciabutton
ACACIA_DOOR,0,acaciadoor
ACACIA_FENCE,0,acaciafence
ACACIA_FENCE_GATE,0,acaciafencegate
ACACIA_LEAVES,0,acacialeaves
ACACIA_LOG,0,acacialog
ACACIA_PLANKS,0,acaciaplanks
ACACIA_PRESSURE_PLATE,0,acaciapressureplate
ACACIA_SAPLING,0,acaciasapling
ACACIA_SIGN,0,acaciasign
ACACIA_SLAB,0,acaciaslab
ACACIA_STAIRS,0,acaciastairs
ACACIA_TRAPDOOR,0,acaciatrapdoor
ACACIA_WALL_SIGN,0,acaciawallsign
ACACIA_WOOD,0,acaciawood
ACTIVATOR_RAIL,0,activatorrail
AIR,0,air
ALLIUM,0,allium
AMETHYST_BLOCK,0,amethystblock
AMETHYST_CLUSTER,0,amethystcluster
AMETHYST_SHARD,0,amethystshard
ANCIENT_DEBRIS,0,ancientdebris
ANDESITE,0,andesite
ANDESITE_SLAB,0,andesiteslab
ANDESITE_STAIRS,0,andesitestairs
ANDESITE_WALL,0,andesitewall
ANVIL,0,anvil
APPLE,0,apple
ARMOR_STAND,0,armorstand
ARROW,0,arrow
ATTACHED_MELON_STEM,0,attachedmelonstem
ATTACHED_PUMPKIN_STEM,0,attachedpumpkinstem
AXOLOTL_BUCKET,0,axolotlbucket
AXOLOTL_SPAWN_EGG,0,axolotlspawnegg
AZALEA,0,azalea
AZALEA_LEAVES,0,azalealeaves
AZURE_BLUET,0,azurebluet
BAKED_POTATO,0,bakedpotato
BAMBOO,0,bamboo
BAMBOO_SAPLING,0,bamboosapling
BARREL,0,barrel
BARRIER,0,barrier
BASALT,0,basalt
BAT_SPAWN_EGG,0,batspawnegg
BEACON,0,beacon
BEDROCK,0,bedrock
BEE_NEST,0,beenest
BEE_SPAWN_EGG,0,beespawnegg
BEEF,0,beef
BEEHIVE,0,beehive
BEETROOT,0,beetroot
BEETROOT_SEEDS,0,beetrootseeds
BEETROOT_SOUP,0,beetrootsoup
BEETROOTS,0,beetroots
BELL,0,bell
BIG_DRIPLEAF,0,bigdripleaf
BIG_DRIPLEAF_STEM,0,bigdripleafstem
BIRCH_BOAT,0,birchboat
BIRCH_BUTTON,0,birchbutton
BIRCH_DOOR,0,birchdoor
BIRCH_FENCE,0,birchfence
BIRCH_FENCE_GATE,0,birchfencegate
BIRCH_LEAVES,0,birchleaves
BIRCH_LOG,0,birchlog
BIRCH_PLANKS,0,birchplanks
BIRCH_PRESSURE_PLATE,0,birchpressureplate
BIRCH_SAPLING,0,birchsapling
BIRCH_SIGN,0,birchsign
BIRCH_SLAB,0,birchslab
BIRCH_STAIRS,0,birchstairs
BIRCH_TRAPDOOR,0,birchtrapdoor
BIRCH_WALL_SIGN,0,birchwallsign
BIRCH_WOOD,0,birchwood
BLACK_BANNER,0,blackbanner
BLACK_BED,0,blackbed
BLACK_CANDLE,0,blackcandle
BLACK_CANDLE_CAKE,0,blackcandlecake
BLACK_CARPET,0,blackcarpet
BLACK_CONCRETE,0,blackconcrete
BLACK_CONCRETE_POWDER,0,blackconcretepowder
BLACK_DYE,0,blackdye
BLACK_GLAZED_TERRACOTTA,0,blackglazedterracotta
BLACK_SHULKER_BOX,0,blackshulkerbox
BLACK_STAINED_GLASS,0,blackstainedglass
BLACK_STAINED_GLASS_PANE,0,blackstainedglasspane
BLACK_TERRACOTTA,0,blackterracotta
BLACK_WALL_BANNER,0,blackwallbanner
BLACK_WOOL,0,blackwool
BLACKSTONE,0,blackstone
BLACKSTONE_SLAB,0,blackstoneslab
BLACKSTONE_STAIRS,0,blackstonestairs
BLACKSTONE_WALL,0,blackstonewall
BLAST_FURNACE,0,blastfurnace
BLAZE_POWDER,0,blazepowder
BLAZE_ROD,0,blazerod
BLAZE_SPAWN_EGG,0,blazespawnegg
BLUE_BANNER,0,bluebanner
BLUE_BED,0,bluebed
BLUE_CANDLE,0,bluecandle
BLUE_CANDLE_CAKE,0,bluecandlecake
BLUE_CARPET,0,bluecarpet
BLUE_CONCRETE,0,blueconcrete
BLUE_CONCRETE_POWDER,0,blueconcretepowder
BLUE_DYE,0,bluedye
BLUE_GLAZED_TERRACOTTA,0,blueglazedterracotta
BLUE_ICE,0,blueice
BLUE_ORCHID,0,blueorchid
BLUE_SHULKER_BOX,0,blueshulkerbox
BLUE_STAINED_GLASS,0,bluestainedglass
BLUE_STAINED_GLASS_PANE,0,bluestainedglasspane
BLUE_TERRACOTTA,0,blueterracotta
BLUE_WALL_BANNER,0,bluewallbanner
BLUE_WOOL,0,bluewool
BONE,0,bone
BONE_BLOCK,0,boneblock
BONE_MEAL,0,bonemeal
BOOK,0,book
BOOKSHELF,0,bookshelf
BOW,0,bow
BOWL,0,bowl
BRAIN_CORAL,0,braincoral
BRAIN_CORAL_BLOCK,0,braincoralblock
BRAIN_CORAL_FAN,0,braincoralfan
BRAIN_CORAL_WALL_FAN,0,braincoralwallfan
BREAD,0,bread
BREWING_STAND,0,brewingstand
BRICK,0,brick
BRICK_SLAB,0,brickslab
BRICK_STAIRS,0,brickstairs
BRICK_WALL,0,brickwall
BRICKS,0,bricks
BROWN_BANNER,0,brownbanner
BROWN_BED,0,brownbed
BROWN_CANDLE,0,browncandle
BROWN_CANDLE_CAKE,0,browncandlecake
BROWN_CARPET,0,browncarpet
BROWN_CONCRETE,0,brownconcrete
BROWN_CONCRETE_POWDER,0,brownconcretepowder
BROWN_DYE,0,browndye
BROWN_GLAZED_TERRACOTTA,0,brownglazedterracotta
BROWN_MUSHROOM,0,brownmushroom
BROWN_MUSHROOM_BLOCK,0,brownmushroomblock
BROWN_SHULKER_BOX,0,brownshulkerbox
BROWN_STAINED_GLASS,0,brownstainedglass
BROWN_STAINED_GLASS_PANE,0,brownstainedglasspane
BROWN_TERRACOTTA,0,brownterracotta
BROWN_WALL_BANNER,0,brownwallbanner
BROWN_WOOL,0,brownwool
BUBBLE_COLUMN,0,bubblecolumn
BUBBLE_CORAL,0,bubblecoral
BUBBLE_CORAL_BLOCK,0,bubblecoralblock
BUBBLE_CORAL_FAN,0,bubblecoralfan
BUBBLE_CORAL_WALL_FAN,0,bubblecoralwallfan
BUCKET,0,bucket
BUDDING_AMETHYST,0,buddingamethyst
BUNDLE,0,bundle
CACTUS,0,cactus
CAKE,0,cake
CALCITE,0,calcite
CAMPFIRE,0,campfire
CANDLE,0,candle
CANDLE_CAKE,0,candlecake
CARROT,0,carrot
CARROT_ON_A_STICK,0,carrotonastick
CARROTS,0,carrots
CARTOGRAPHY_TABLE,0,cartographytable
CARVED_PUMPKIN,0,carvedpumpkin
CAT_SPAWN_EGG,0,catspawnegg
CAULDRON,0,cauldron
CAVE_AIR,0,caveair
CAVE_SPIDER_SPAWN_EGG,0,cavespiderspawnegg
CAVE_VINES,0,cavevines
CAVE_VINES_PLANT,0,cavevinesplant
CHAIN,0,chain
CHAIN_COMMAND_BLOCK,0,chaincommandblock
CHAINMAIL_BOOTS,0,chainmailboots
CHAINMAIL_CHESTPLATE,0,chainmailchestplate
CHAINMAIL_HELMET,0,chainmailhelmet
CHAINMAIL_LEGGINGS,0,chainmailleggings
CHARCOAL,0,charcoal
CHEST,0,chest
CHEST_MINECART,0,chestminecart
CHICKEN,0,chicken
CHICKEN_SPAWN_EGG,0,chickenspawnegg
CHIPPED_ANVIL,0,chippedanvil
CHISELED_DEEPSLATE,0,chiseleddeepslate
CHISELED_NETHER_BRICKS,0,chiselednetherbricks
CHISELED_POLISHED_BLACKSTONE,0,chiseledpolishedblackstone
CHISELED_QUARTZ_BLOCK,0,chiseledquartzblock
CHISELED_RED_SANDSTONE,0,chiseledredsandstone
CHISELED_SANDSTONE,0,chiseledsandstone
CHISELED_STONE_BRICKS,0,chiseledstonebricks
CHORUS_FLOWER,0,chorusflower
CHORUS_FRUIT,0,chorusfruit
CHORUS_PLANT,0,chorusplant
CLAY,0,clay
CLAY_BALL,0,clayball
CLOCK,0,clock
COAL,0,coal
COAL_BLOCK,0,coalblock
COAL_ORE,0,coalore
COARSE_DIRT,0,coarsedirt
COBBLED_DEEPSLATE,0,cobbleddeepslate
COBBLED_DEEPSLATE_SLAB,0,cobbleddeepslateslab
COBBLED_DEEPSLATE_STAIRS,0,cobbleddeepslatestairs
COBBLED_DEEPSLATE_WALL,0,cobbleddeepslatewall
COBBLESTONE,0,cobblestone
COBBLESTONE_SLAB,0,cobblestoneslab
COBBLESTONE_STAIRS,0,cobblestonestairs
COBBLESTONE_WALL,0,cobblestonewall
COBWEB,0,cobweb
COCOA,0,cocoa
COCOA_BEANS,0,cocoabeans
COD,0,cod
COD_BUCKET,0,codbucket
COD_SPAWN_EGG,0,codspawnegg
COMMAND_BLOCK,0,commandblock
COMMAND_BLOCK_MINECART,0,commandblockminecart
COMPARATOR,0,comparator
COMPASS,0,compass
COMPOSTER,0,composter
CONDUIT,0,conduit
COOKED_BEEF,0,cookedbeef
COOKED_CHICKEN,0,cookedchicken
COOKED_COD,0,cookedcod
COOKED_MUTTON,0,cookedmutton
COOKED_PORKCHOP,0,cookedporkchop
COOKED_RABBIT,0,cookedrabbit
COOKED_SALMON,0,cookedsalmon
COOKIE,0,cookie
COPPER_BLOCK,0,copperblock
COPPER_INGOT,0,copperingot
COPPER_ORE,0,copperore
CORNFLOWER,0,cornflower
COW_SPAWN_EGG,0,cowspawnegg
CRACKED_DEEPSLATE_BRICKS,0,crackeddeepslatebricks
CRACKED_DEEPSLATE_TILES,0,crackeddeepslatetiles
CRACKED_NETHER_BRICKS,0,crackednetherbricks
CRACKED_POLISHED_BLACKSTONE_BRICKS,0,crackedpolishedblackstonebricks
CRACKED_STONE_BRICKS,0,crackedstonebricks
CRAFTING_TABLE,0,craftingtable
CREEPER_BANNER_PATTERN,0,creeperbannerpattern
CREEPER_HEAD,0,creeperhead
CREEPER_SPAWN_EGG,0,creeperspawnegg
CREEPER_WALL_HEAD,0,creeperwallhead
CRIMSON_BUTTON,0,crimsonbutton
CRIMSON_DOOR,0,crimsondoor
CRIMSON_FENCE,0,crimsonfence
CRIMSON_FENCE_GATE,0,crimsonfencegate
CRIMSON_FUNGUS,0,crimsonfungus
CRIMSON_HYPHAE,0,crimsonhyphae
CRIMSON_NYLIUM,0,crimsonnylium
CRIMSON_PLANKS,0,crimsonplanks
CRIMSON_PRESSURE_PLATE,0,crimsonpressureplate
CRIMSON_ROOTS,0,crimsonroots
CRIMSON_SIGN,0,crimsonsign
CRIMSON_SLAB,0,crimsonslab
CRIMSON_STAIRS,0,crimsonstairs
CRIMSON_STEM,0,crimsonstem
CRIMSON_TRAPDOOR,0,crimsontrapdoor
CRIMSON_WALL_SIGN,0,crimsonwallsign
CROSSBOW,0,crossbow
CRYING_OBSIDIAN,0,cryingobsidian
CUT_COPPER,0,cutcopper
CUT_COPPER_SLAB,0,cutcopperslab
CUT_COPPER_STAIRS,0,cutcopperstairs
CUT_RED_SANDSTONE,0,cutredsandstone
CUT_RED_SANDSTONE_SLAB,0,cutredsandstoneslab
CUT_SANDSTONE,0,cutsandstone
CUT_SANDSTONE_SLAB,0,cutsandstoneslab
CYAN_BANNER,0,cyanbanner
CYAN_BED,0,cyanbed
CYAN_CANDLE,0,cyancandle
CYAN_CANDLE_CAKE,0,cyancandlecake
CYAN_CARPET,0,cyancarpet
CYAN_CONCRETE,0,cyanconcrete
CYAN_CONCRETE_POWDER,0,cyanconcretepowder
CYAN_DYE,0,cyandye
CYAN_GLAZED_TERRACOTTA,0,cyanglazedterracotta
CYAN_SHULKER_BOX,0,cyanshulkerbox
CYAN_STAINED_GLASS,0,cyanstainedglass
CYAN_STAINED_GLASS_PANE,0,cyanstainedglasspane
CYAN_TERRACOTTA,0,cyanterracotta
CYAN_WALL_BANNER,0,cyanwallbanner
CYAN_WOOL,0,cyanwool
DAMAGED_ANVIL,0,damagedanvil
DANDELION,0,dandelion
DARK_OAK_BOAT,0,darkoakboat
DARK_OAK_BUTTON,0,darkoakbutton
DARK_OAK_DOOR,0,darkoakdoor
DARK_OAK_FENCE,0,darkoakfence
DARK_OAK_FENCE_GATE,0,darkoakfencegate
DARK_OAK_LEAVES,0,darkoakleaves
DARK_OAK_LOG,0,darkoaklog
DARK_OAK_PLANKS,0,darkoakplanks
DARK_OAK_PRESSURE_PLATE,0,darkoakpressureplate
DARK_OAK_SAPLING,0,darkoaksapling
DARK_OAK_SIGN,0,darkoaksign
DARK_OAK_SLAB,0,darkoakslab
DARK_OAK_STAIRS,0,darkoakstairs
DARK_OAK_TRAPDOOR,0,darkoaktrapdoor
DARK_OAK_WALL_SIGN,0,darkoakwallsign
DARK_OAK_WOOD,0,darkoakwood
DARK_PRISMARINE,0,darkprismarine
DARK_PRISMARINE_SLAB,0,darkprismarineslab
DARK_PRISMARINE_STAIRS,0,darkprismarinestairs
DAYLIGHT_DETECTOR,0,daylightdetector
DEAD_BRAIN_CORAL,0,deadbraincoral
DEAD_BRAIN_CORAL_BLOCK,0,deadbraincoralblock
DEAD_BRAIN_CORAL_FAN,0,deadbraincoralfan
DEAD_BRAIN_CORAL_WALL_FAN,0,deadbraincoralwallfan
DEAD_BUBBLE_CORAL,0,deadbubblecoral
DEAD_BUBBLE_CORAL_BLOCK,0,deadbubblecoralblock
DEAD_BUBBLE_CORAL_FAN,0,deadbubblecoralfan
DEAD_BUBBLE_CORAL_WALL_FAN,0,deadbubblecoralwallfan
DEAD_BUSH,0,deadbush
DEAD_FIRE_CORAL,0,deadfirecoral
DEAD_FIRE_CORAL_BLOCK,0,deadfirecoralblock
DEAD_FIRE_CORAL_FAN,0,deadfirecoralfan
DEAD_FIRE_CORAL_WALL_FAN,0,deadfirecoralwallfan
DEAD_HORN_CORAL,0,deadhorncoral
DEAD_HORN_CORAL_BLOCK,0,deadhorncoralblock
DEAD_HORN_CORAL_FAN,0,deadhorncoralfan
DEAD_HORN_CORAL_WALL_FAN,0,deadhorncoralwallfan
DEAD_TUBE_CORAL,0,deadtubecoral
DEAD_TUBE_CORAL_BLOCK,0,deadtubecoralblock
DEAD_TUBE_CORAL_FAN,0,deadtubecoralfan
DEAD_TUBE_CORAL_WALL_FAN,0,deadtubecoralwallfan
DEBUG_STICK,0,debugstick
DEEPSLATE,0,deepslate
DEEPSLATE_BRICK_SLAB,0,deepslatebrickslab
DEEPSLATE_BRICK_STAIRS,0,deepslatebrickstairs
DEEPSLATE_BRICK_WALL,0,deepslatebrickwall
DEEPSLATE_BRICKS,0,deepslatebricks
DEEPSLATE_COAL_ORE,0,deepslatecoalore
DEEPSLATE_COPPER_ORE,0,deepslatecopperore
DEEPSLATE_DIAMOND_ORE,0,deepslatediamondore
DEEPSLATE_EMERALD_ORE,0,deepslateemeraldore
DEEPSLATE_GOLD_ORE,0,deepslategoldore
DEEPSLATE_IRON_ORE,0,deepslateironore
DEEPSLATE_LAPIS_ORE,0,deepslatelapisore
DEEPSLATE_REDSTONE_ORE,0,deepslateredstoneore
DEEPSLATE_TILE_SLAB,0,deepslatetileslab
DEEPSLATE_TILE_STAIRS,0,deepslatetilestairs
DEEPSLATE_TILE_WALL,0,deepslatetilewall
DEEPSLATE_TILES,0,deepslatetiles
DETECTOR_RAIL,0,detectorrail
DIAMOND,0,diamond
DIAMOND_AXE,0,diamondaxe
DIAMOND_BLOCK,0,diamondblock
DIAMOND_BOOTS,0,diamondboots
DIAMOND_CHESTPLATE,0,diamondchestplate
DIAMOND_HELMET,0,diamondhelmet
DIAMOND_HOE,0,diamondhoe
DIAMOND_HORSE_ARMOR,0,diamondhorsearmor
DIAMOND_LEGGINGS,0,diamondleggings
DIAMOND_ORE,0,diamondore
DIAMOND_PICKAXE,0,diamondpickaxe
DIAMOND_SHOVEL,0,diamondshovel
DIAMOND_SWORD,0,diamondsword
DIORITE,0,diorite
DIORITE_SLAB,0,dioriteslab
DIORITE_STAIRS,0,dioritestairs
DIORITE_WALL,0,dioritewall
DIRT,0,dirt
DIRT_PATH,0,dirtpath
DISPENSER,0,dispenser
DOLPHIN_SPAWN_EGG,0,dolphinspawnegg
DONKEY_SPAWN_EGG,0,donkeyspawnegg
DRAGON_BREATH,0,dragonbreath
DRAGON_EGG,0,dragonegg
DRAGON_HEAD,0,dragonhead
DRAGON_WALL_HEAD,0,dragonwallhead
DRIED_KELP,0,driedkelp
DRIED_KELP_BLOCK,0,driedkelpblock
DRIPSTONE_BLOCK,0,dripstoneblock
DROPPER,0,dropper
DROWNED_SPAWN_EGG,0,drownedspawnegg
EGG,0,egg
ELDER_GUARDIAN_SPAWN_EGG,0,elderguardianspawnegg
ELYTRA,0,elytra
EMERALD,0,emerald
EMERALD_BLOCK,0,emeraldblock
EMERALD_ORE,0,emeraldore
ENCHANTED_BOOK,0,enchantedbook
ENCHANTED_GOLDEN_APPLE,0,enchantedgoldenapple
ENCHANTING_TABLE,0,enchantingtable
END_CRYSTAL,0,endcrystal
END_GATEWAY,0,endgateway
END_PORTAL,0,endportal
END_PORTAL_FRAME,0,endportalframe
END_ROD,0,endrod
END_STONE,0,endstone
END_STONE_BRICK_SLAB,0,endstonebrickslab
END_STONE_BRICK_STAIRS,0,endstonebrickstairs
END_STONE_BRICK_WALL,0,endstonebrickwall
END_STONE_BRICKS,0,endstonebricks
ENDER_CHEST,0,enderchest
ENDER_EYE,0,endereye
ENDER_PEARL,0,enderpearl
ENDERMAN_SPAWN_EGG,0,endermanspawnegg
ENDERMITE_SPAWN_EGG,0,endermitespawnegg
EVOKER_SPAWN_EGG,0,evokerspawnegg
EXPERIENCE_BOTTLE,0,experiencebottle
EXPOSED_COPPER,0,exposedcopper
EXPOSED_CUT_COPPER,0,exposedcutcopper
EXPOSED_CUT_COPPER_SLAB,0,exposedcutcopperslab
EXPOSED_CUT_COPPER_STAIRS,0,exposedcutcopperstairs
FARMLAND,0,farmland
FEATHER,0,feather
FERMENTED_SPIDER_EYE,0,fermentedspidereye
FERN,0,fern
FILLED_MAP,0,filledmap
FIRE,0,fire
FIRE_CHARGE,0,firecharge
FIRE_CORAL,0,firecoral
FIRE_CORAL_BLOCK,0,firecoralblock
FIRE_CORAL_FAN,0,firecoralfan
FIRE_CORAL_WALL_FAN,0,firecoralwallfan
FIREWORK_ROCKET,0,fireworkrocket
FIREWORK_STAR,0,fireworkstar
FISHING_ROD,0,fishingrod
FLETCHING_TABLE,0,fletchingtable
FLINT,0,flint
FLINT_AND_STEEL,0,flintandsteel
FLOWER_BANNER_PATTERN,0,flowerbannerpattern
FLOWER_POT,0,flowerpot
FLOWERING_AZALEA,0,floweringazalea
FLOWERING_AZALEA_LEAVES,0,floweringazalealeaves
FOX_SPAWN_EGG,0,foxspawnegg
FROSTED_ICE,0,frostedice
FURNACE,0,furnace
FURNACE_MINECART,0,furnaceminecart
GHAST_SPAWN_EGG,0,ghastspawnegg
GHAST_TEAR,0,ghasttear
GILDED_BLACKSTONE,0,gildedblackstone
GLASS,0,glass
GLASS_BOTTLE,0,glassbottle
GLASS_PANE,0,glasspane
GLISTERING_MELON_SLICE,0,glisteringmelonslice
GLOBE_BANNER_PATTERN,0,globebannerpattern
GLOW_BERRIES,0,glowberries
GLOW_INK_SAC,0,glowinksac
GLOW_ITEM_FRAME,0,glowitemframe
GLOW_LICHEN,0,glowlichen
GLOW_SQUID_SPAWN_EGG,0,glowsquidspawnegg
GLOWSTONE,0,glowstone
GLOWSTONE_DUST,0,glowstonedust
GOAT_SPAWN_EGG,0,goatspawnegg
GOLD_BLOCK,0,goldblock
GOLD_INGOT,0,goldingot
GOLD_NUGGET,0,goldnugget
GOLD_ORE,0,goldore
GOLDEN_APPLE,0,goldenapple
GOLDEN_AXE,0,goldenaxe
GOLDEN_BOOTS,0,goldenboots
GOLDEN_CARROT,0,goldencarrot
GOLDEN_CHESTPLATE,0,goldenchestplate
GOLDEN_HELMET,0,goldenhelmet
GOLDEN_HOE,0,goldenhoe
GOLDEN_HORSE_ARMOR,0,goldenhorsearmor
GOLDEN_LEGGINGS,0,goldenleggings
GOLDEN_PICKAXE,0,goldenpickaxe
GOLDEN_SHOVEL,0,goldenshovel
GOLDEN_SWORD,0,goldensword
GRANITE,0,granite
GRANITE_SLAB,0,graniteslab
GRANITE_STAIRS,0,granitestairs
GRANITE_WALL,0,granitewall
GRASS,0,grass
GRASS_BLOCK,0,grassblock
GRAVEL,0,gravel
GRAY_BANNER,0,graybanner
GRAY_BED,0,graybed
GRAY_CANDLE,0,graycandle
GRAY_CANDLE_CAKE,0,graycandlecake
GRAY_CARPET,0,graycarpet
GRAY_CONCRETE,0,grayconcrete
GRAY_CONCRETE_POWDER,0,grayconcretepowder
GRAY_DYE,0,graydye
GRAY_GLAZED_TERRACOTTA,0,grayglazedterracotta
GRAY_SHULKER_BOX,0,grayshulkerbox
GRAY_STAINED_GLASS,0,graystainedglass
GRAY_STAINED_GLASS_PANE,0,graystainedglasspane
GRAY_TERRACOTTA,0,grayterracotta
GRAY_WALL_BANNER,0,graywallbanner
GRAY_WOOL,0,graywool
GREEN_BANNER,0,greenbanner
GREEN_BED,0,greenbed
GREEN_CANDLE,0,greencandle
GREEN_CANDLE_CAKE,0,greencandlecake
GREEN_CARPET,0,greencarpet
GREEN_CONCRETE,0,greenconcrete
GREEN_CONCRETE_POWDER,0,greenconcretepowder
GREEN_DYE,0,greendye
GREEN_GLAZED_TERRACOTTA,0,greenglazedterracotta
GREEN_SHULKER_BOX,0,greenshulkerbox
GREEN_STAINED_GLASS,0,greenstainedglass
GREEN_STAINED_GLASS_PANE,0,greenstainedglasspane
GREEN_TERRACOTTA,0,greenterracotta
GREEN_WALL_BANNER,0,greenwallbanner
GREEN_WOOL,0,greenwool
GRINDSTONE,0,grindstone
GUARDIAN_SPAWN_EGG,0,guardianspawnegg
GUNPOWDER,0,gunpowder
HANGING_ROOTS,0,hangingroots
HAY_BLOCK,0,hayblock
HEART_OF_THE_SEA,0,heartofthesea
HEAVY_WEIGHTED_PRESSURE_PLATE,0,heavyweightedpressureplate
HOGLIN_SPAWN_EGG,0,hoglinspawnegg
HONEY_BLOCK,0,honeyblock
HONEY_BOTTLE,0,honeybottle
HONEYCOMB,0,honeycomb
HONEYCOMB_BLOCK,0,honeycombblock
HOPPER,0,hopper
HOPPER_MINECART,0,hopperminecart
HORN_CORAL,0,horncoral
HORN_CORAL_BLOCK,0,horncoralblock
HORN_CORAL_FAN,0,horncoralfan
HORN_CORAL_WALL_FAN,0,horncoralwallfan
HORSE_SPAWN_EGG,0,horsespawnegg
HUSK_SPAWN_EGG,0,huskspawnegg
ICE,0,ice
INFESTED_CHISELED_STONE_BRICKS,0,infestedchiseledstonebricks
INFESTED_COBBLESTONE,0,infestedcobblestone
INFESTED_CRACKED_STONE_BRICKS,0,infestedcrackedstonebricks
INFESTED_DEEPSLATE,0,infesteddeepslate
INFESTED_MOSSY_STONE_BRICKS,0,infestedmossystonebricks
INFESTED_STONE,0,infestedstone
INFESTED_STONE_BRICKS,0,infestedstonebricks
INK_SAC,0,inksac
IRON_AXE,0,ironaxe
IRON_BARS,0,ironbars
IRON_BLOCK,0,ironblock
IRON_BOOTS,0,ironboots
IRON_CHESTPLATE,0,ironchestplate
IRON_DOOR,0,irondoor
IRON_HELMET,0,ironhelmet
IRON_HOE,0,ironhoe
IRON_HORSE_ARMOR,0,ironhorsearmor
IRON_INGOT,0,ironingot
IRON_LEGGINGS,0,ironleggings
IRON_NUGGET,0,ironnugget
IRON_ORE,0,ironore
IRON_PICKAXE,0,ironpickaxe
IRON_SHOVEL,0,ironshovel
IRON_SWORD,0,ironsword
IRON_TRAPDOOR,0,irontrapdoor
ITEM_FRAME,0,itemframe
JACK_O_LANTERN,0,jackolantern
JIGSAW,0,jigsaw
JUKEBOX,0,jukebox
JUNGLE_BOAT,0,jungleboat
JUNGLE_BUTTON,0,junglebutton
JUNGLE_DOOR,0,jungledoor
JUNGLE_FENCE,0,junglefence
JUNGLE_FENCE_GATE,0,junglefencegate
JUNGLE_LEAVES,0,jungleleaves
JUNGLE_LOG,0,junglelog
JUNGLE_PLANKS,0,jungleplanks
JUNGLE_PRESSURE_PLATE,0,junglepressureplate
JUNGLE_SAPLING,0,junglesapling
JUNGLE_SIGN,0,junglesign
JUNGLE_SLAB,0,jungleslab
JUNGLE_STAIRS,0,junglestairs
JUNGLE_TRAPDOOR,0,jungletrapdoor
JUNGLE_WALL_SIGN,0,junglewallsign
JUNGLE_WOOD,0,junglewood
KELP,0,kelp
KELP_PLANT,0,kelpplant
KNOWLEDGE_BOOK,0,knowledgebook
LADDER,0,ladder
LANTERN,0,lantern
LAPIS_BLOCK,0,lapisblock
LAPIS_LAZULI,0,lapislazuli
LAPIS_ORE,0,lapisore
LARGE_AMETHYST_BUD,0,largeamethystbud
LARGE_FERN,0,largefern
LAVA,0,lava
LAVA_BUCKET,0,lavabucket
LAVA_CAULDRON,0,lavacauldron
LEAD,0,lead
LEATHER,0,leather
LEATHER_BOOTS,0,leatherboots
LEATHER_CHESTPLATE,0,leatherchestplate
LEATHER_HELMET,0,leatherhelmet
LEATHER_HORSE_ARMOR,0,leatherhorsearmor
LEATHER_LEGGINGS,0,leatherleggings
LECTERN,0,lectern
LEGACY_ACACIA_DOOR,0,legacyacaciadoor
LEGACY_ACACIA_DOOR_ITEM,0,legacyacaciadooritem
LEGACY_ACACIA_FENCE,0,legacyacaciafence
LEGACY_ACACIA_FENCE_GATE,0,legacyacaciafencegate
LEGACY_ACACIA_STAIRS,0,legacyacaciastairs
LEGACY_ACTIVATOR_RAIL,0,legacyactivatorrail
LEGACY_AIR,0,legacyair
LEGACY_ANVIL,0,legacyanvil
LEGACY_APPLE,0,legacyapple
LEGACY_ARMOR_STAND,0,legacyarmorstand
LEGACY_ARROW,0,legacyarrow
LEGACY_BAKED_POTATO,0,legacybakedpotato
LEGACY_BANNER,0,legacybanner
LEGACY_BARRIER,0,legacybarrier
LEGACY_BEACON,0,legacybeacon
LEGACY_BED,0,legacybed
LEGACY_BED_BLOCK,0,legacybedblock
LEGACY_BEDROCK,0,legacybedrock
LEGACY_BEETROOT,0,legacybeetroot
LEGACY_BEETROOT_BLOCK,0,legacybeetrootblock
LEGACY_BEETROOT_SEEDS,0,legacybeetrootseeds
LEGACY_BEETROOT_SOUP,0,legacybeetrootsoup
LEGACY_BIRCH_DOOR,0,legacybirchdoor
LEGACY_BIRCH_DOOR_ITEM,0,legacybirchdooritem
LEGACY_BIRCH_FENCE,0,legacybirchfence
LEGACY_BIRCH_FENCE_GATE,0,legacybirchfencegate
LEGACY_BIRCH_WOOD_STAIRS,0,legacybirchwoodstairs
LEGACY_BLACK_GLAZED_TERRACOTTA,0,legacyblackglazedterracotta
LEGACY_BLACK_SHULKER_BOX,0,legacyblackshulkerbox
LEGACY_BLAZE_POWDER,0,legacyblazepowder
LEGACY_BLAZE_ROD,0,legacyblazerod
LEGACY_BLUE_GLAZED_TERRACOTTA,0,legacyblueglazedterracotta
LEGACY_BLUE_SHULKER_BOX,0,legacyblueshulkerbox
LEGACY_BOAT,0,legacyboat
LEGACY_BOAT_ACACIA,0,legacyboatacacia
LEGACY_BOAT_BIRCH,0,legacyboatbirch
LEGACY_BOAT_DARK_OAK,0,legacyboatdarkoak
LEGACY_BOAT_JUNGLE,0,legacyboatjungle
LEGACY_BOAT_SPRUCE,0,legacyboatspruce
LEGACY_BONE,0,legacybone
LEGACY_BONE_BLOCK,0,legacyboneblock
LEGACY_BOOK,0,legacybook
LEGACY_BOOK_AND_QUILL,0,legacybookandquill
LEGACY_BOOKSHELF,0,legacybookshelf
LEGACY_BOW,0,legacybow
LEGACY_BOWL,0,legacybowl
LEGACY_BREAD,0,legacybread
LEGACY_BREWING_STAND,0,legacybrewingstand
LEGACY_BREWING_STAND_ITEM,0,legacybrewingstanditem
LEGACY_BRICK,0,legacybrick
LEGACY_BRICK_STAIRS,0,legacybrickstairs
LEGACY_BROWN_GLAZED_TERRACOTTA,0,legacybrownglazedterracotta
LEGACY_BROWN_MUSHROOM,0,legacybrownmushroom
LEGACY_BROWN_SHULKER_BOX,0,legacybrownshulkerbox
LEGACY_BUCKET,0,legacybucket
LEGACY_BURNING_FURNACE,0,legacyburningfurnace
LEGACY_CACTUS,0,legacycactus
LEGACY_CAKE,0,legacycake
LEGACY_CAKE_BLOCK,0,legacycakeblock
LEGACY_CARPET,0,legacycarpet
LEGACY_CARROT,0,legacycarrot
LEGACY_CARROT_ITEM,0,legacycarrotitem
LEGACY_CARROT_STICK,0,legacycarrotstick
LEGACY_CAULDRON,0,legacycauldron
LEGACY_CAULDRON_ITEM,0,legacycauldronitem
LEGACY_CHAINMAIL_BOOTS,0,legacychainmailboots
LEGACY_CHAINMAIL_CHESTPLATE,0,legacychainmailchestplate
LEGACY_CHAINMAIL_HELMET,0,legacychainmailhelmet
LEGACY_CHAINMAIL_LEGGINGS,0,legacychainmailleggings
LEGACY_CHEST,0,legacychest
LEGACY_CHORUS_FLOWER,0,legacychorusflower
LEGACY_CHORUS_FRUIT,0,legacychorusfruit
LEGACY_CHORUS_FRUIT_POPPED,0,legacychorusfruitpopped
LEGACY_CHORUS_PLANT,0,legacychorusplant
LEGACY_CLAY,0,legacyclay
LEGACY_CLAY_BALL,0,legacyclayball
LEGACY_CLAY_BRICK,0,legacyclaybrick
LEGACY_COAL,0,legacycoal
LEGACY_COAL_BLOCK,0,legacycoalblock
LEGACY_COAL_ORE,0,legacycoalore
LEGACY_COBBLE_WALL,0,legacycobblewall
LEGACY_COBBLESTONE,0,legacycobblestone
LEGACY_COBBLESTONE_STAIRS,0,legacycobblestonestairs
LEGACY_COCOA,0,legacycocoa
LEGACY_COMMAND,0,legacycommand
LEGACY_COMMAND_CHAIN,0,legacycommandchain
LEGACY_COMMAND_MINECART,0,legacycommandminecart
LEGACY_COMMAND_REPEATING,0,legacycommandrepeating
LEGACY_COMPASS,0,legacycompass
LEGACY_CONCRETE,0,legacyconcrete
LEGACY_CONCRETE_POWDER,0,legacyconcretepowder
LEGACY_COOKED_BEEF,0,legacycookedbeef
LEGACY_COOKED_CHICKEN,0,legacycookedchicken
LEGACY_COOKED_FISH,0,legacycookedfish
LEGACY_COOKED_MUTTON,0,legacycookedmutton
LEGACY_COOKED_RABBIT,0,legacycookedrabbit
LEGACY_COOKIE,0,legacycookie
LEGACY_CROPS,0,legacycrops
LEGACY_CYAN_GLAZED_TERRACOTTA,0,legacycyanglazedterracotta
LEGACY_CYAN_SHULKER_BOX,0,legacycyanshulkerbox
LEGACY_DARK_OAK_DOOR,0,legacydarkoakdoor
LEGACY_DARK_OAK_DOOR_ITEM,0,legacydarkoakdooritem
LEGACY_DARK_OAK_FENCE,0,legacydarkoakfence
LEGACY_DARK_OAK_FENCE_GATE,0,legacydarkoakfencegate
LEGACY_DARK_OAK_STAIRS,0,legacydarkoakstairs
LEGACY_DAYLIGHT_DETECTOR,0,legacydaylightdetector
LEGACY_DAYLIGHT_DETECTOR_INVERTED,0,legacydaylightdetectorinverted
LEGACY_DEAD_BUSH,0,legacydeadbush
LEGACY_DETECTOR_RAIL,0,legacydetectorrail
LEGACY_DIAMOND,0,legacydiamond
LEGACY_DIAMOND_AXE,0,legacydiamondaxe
LEGACY_DIAMOND_BARDING,0,legacydiamondbarding
LEGACY_DIAMOND_BLOCK,0,legacydiamondblock
LEGACY_DIAMOND_BOOTS,0,legacydiamondboots
LEGACY_DIAMOND_CHESTPLATE,0,legacydiamondchestplate
LEGACY_DIAMOND_HELMET,0,legacydiamondhelmet
LEGACY_DIAMOND_HOE,0,legacydiamondhoe
LEGACY_DIAMOND_LEGGINGS,0,legacydiamondleggings
LEGACY_DIAMOND_ORE,0,legacydiamondore
LEGACY_DIAMOND_PICKAXE,0,legacydiamondpickaxe
LEGACY_DIAMOND_SPADE,0,legacydiamondspade
LEGACY_DIAMOND_SWORD,0,legacydiamondsword
LEGACY_DIODE,0,legacydiode
LEGACY_DIODE_BLOCK_OFF,0,legacydiodeblockoff
LEGACY_DIODE_BLOCK_ON,0,legacydiodeblockon
LEGACY_DIRT,0,legacydirt
LEGACY_DISPENSER,0,legacydispenser
LEGACY_DOUBLE_PLANT,0,legacydoubleplant
LEGACY_DOUBLE_STEP,0,legacydoublestep
LEGACY_DOUBLE_STONE_SLAB2,0,legacydoublestoneslab2
LEGACY_DRAGON_EGG,0,legacydragonegg
LEGACY_DRAGONS_BREATH,0,legacydragonsbreath
LEGACY_DROPPER,0,legacydropper
LEGACY_EGG,0,legacyegg
LEGACY_ELYTRA,0,legacyelytra
LEGACY_EMERALD,0,legacyemerald
LEGACY_EMERALD_BLOCK,0,legacyemeraldblock
LEGACY_EMERALD_ORE,0,legacyemeraldore
LEGACY_EMPTY_MAP,0,legacyemptymap
LEGACY_ENCHANTED_BOOK,0,legacyenchantedbook
LEGACY_ENCHANTMENT_TABLE,0,legacyenchantmenttable
LEGACY_END_BRICKS,0,legacyendbricks
LEGACY_END_CRYSTAL,0,legacyendcrystal
LEGACY_END_GATEWAY,0,legacyendgateway
LEGACY_END_ROD,0,legacyendrod
LEGACY_ENDER_CHEST,0,legacyenderchest
LEGACY_ENDER_PEARL,0,legacyenderpearl
LEGACY_ENDER_PORTAL,0,legacyenderportal
LEGACY_ENDER_PORTAL_FRAME,0,legacyenderportalframe
LEGACY_ENDER_STONE,0,legacyenderstone
LEGACY_EXP_BOTTLE,0,legacyexpbottle
LEGACY_EXPLOSIVE_MINECART,0,legacyexplosiveminecart
LEGACY_EYE_OF_ENDER,0,legacyeyeofender
LEGACY_FEATHER,0,legacyfeather
LEGACY_FENCE,0,legacyfence
LEGACY_FENCE_GATE,0,legacyfencegate
LEGACY_FERMENTED_SPIDER_EYE,0,legacyfermentedspidereye
LEGACY_FIRE,0,legacyfire
LEGACY_FIREBALL,0,legacyfireball
LEGACY_FIREWORK,0,legacyfirework
LEGACY_FIREWORK_CHARGE,0,legacyfireworkcharge
LEGACY_FISHING_ROD,0,legacyfishingrod
LEGACY_FLINT,0,legacyflint
LEGACY_FLINT_AND_STEEL,0,legacyflintandsteel
LEGACY_FLOWER_POT,0,legacyflowerpot
LEGACY_FLOWER_POT_ITEM,0,legacyflowerpotitem
LEGACY_FROSTED_ICE,0,legacyfrostedice
LEGACY_FURNACE,0,legacyfurnace
LEGACY_GHAST_TEAR,0,legacyghasttear
LEGACY_GLASS,0,legacyglass
LEGACY_GLASS_BOTTLE,0,legacyglassbottle
LEGACY_GLOWING_REDSTONE_ORE,0,legacyglowingredstoneore
LEGACY_GLOWSTONE,0,legacyglowstone
LEGACY_GLOWSTONE_DUST,0,legacyglowstonedust
LEGACY_GOLD_AXE,0,legacygoldaxe
LEGACY_GOLD_BARDING,0,legacygoldbarding
LEGACY_GOLD_BLOCK,0,legacygoldblock
LEGACY_GOLD_BOOTS,0,legacygoldboots
LEGACY_GOLD_CHESTPLATE,0,legacygoldchestplate
LEGACY_GOLD_HELMET,0,legacygoldhelmet
LEGACY_GOLD_HOE,0,legacygoldhoe
LEGACY_GOLD_INGOT,0,legacygoldingot
LEGACY_GOLD_LEGGINGS,0,legacygoldleggings
LEGACY_GOLD_NUGGET,0,legacygoldnugget
LEGACY_GOLD_ORE,0,legacygoldore
LEGACY_GOLD_PICKAXE,0,legacygoldpickaxe
LEGACY_GOLD_PLATE,0,legacygoldplate
LEGACY_GOLD_RECORD,0,legacygoldrecord
LEGACY_GOLD_SPADE,0,legacygoldspade
LEGACY_GOLD_SWORD,0,legacygoldsword
LEGACY_GOLDEN_APPLE,0,legacygoldenapple
LEGACY_GOLDEN_CARROT,0,legacygoldencarrot
LEGACY_GRASS,0,legacygrass
LEGACY_GRASS_PATH,0,legacygrasspath
LEGACY_GRAVEL,0,legacygravel
LEGACY_GRAY_GLAZED_TERRACOTTA,0,legacygrayglazedterracotta
LEGACY_GRAY_SHULKER_BOX,0,legacygrayshulkerbox
LEGACY_GREEN_GLAZED_TERRACOTTA,0,legacygreenglazedterracotta
LEGACY_GREEN_RECORD,0,legacygreenrecord
LEGACY_GREEN_SHULKER_BOX,0,legacygreenshulkerbox
LEGACY_GRILLED_PORK,0,legacygrilledpork
LEGACY_HARD_CLAY,0,legacyhardclay
LEGACY_HAY_BLOCK,0,legacyhayblock
LEGACY_HOPPER,0,legacyhopper
LEGACY_HOPPER_MINECART,0,legacyhopperminecart
LEGACY_HUGE_MUSHROOM_1,0,legacyhugemushroom1
LEGACY_HUGE_MUSHROOM_2,0,legacyhugemushroom2
LEGACY_ICE,0,legacyice
LEGACY_INK_SACK,0,legacyinksack
LEGACY_IRON_AXE,0,legacyironaxe
LEGACY_IRON_BARDING,0,legacyironbarding
LEGACY_IRON_BLOCK,0,legacyironblock
LEGACY_IRON_BOOTS,0,legacyironboots
LEGACY_IRON_CHESTPLATE,0,legacyironchestplate
LEGACY_IRON_DOOR,0,legacyirondoor
LEGACY_IRON_DOOR_BLOCK,0,legacyirondoorblock
LEGACY_IRON_FENCE,0,legacyironfence
LEGACY_IRON_HELMET,0,legacyironhelmet
LEGACY_IRON_HOE,0,legacyironhoe
LEGACY_IRON_INGOT,0,legacyironingot
LEGACY_IRON_LEGGINGS,0,legacyironleggings
LEGACY_IRON_NUGGET,0,legacyironnugget
LEGACY_IRON_ORE,0,legacyironore
LEGACY_IRON_PICKAXE,0,legacyironpickaxe
LEGACY_IRON_PLATE,0,legacyironplate
LEGACY_IRON_SPADE,0,legacyironspade
LEGACY_IRON_SWORD,0,legacyironsword
LEGACY_IRON_TRAPDOOR,0,legacyirontrapdoor
LEGACY_ITEM_FRAME,0,legacyitemframe
LEGACY_JACK_O_LANTERN,0,legacyjackolantern
LEGACY_JUKEBOX,0,legacyjukebox
LEGACY_JUNGLE_DOOR,0,legacyjungledoor
LEGACY_JUNGLE_DOOR_ITEM,0,legacyjungledooritem
LEGACY_JUNGLE_FENCE,0,legacyjunglefence
LEGACY_JUNGLE_FENCE_GATE,0,legacyjunglefencegate
LEGACY_JUNGLE_WOOD_STAIRS,0,legacyjunglewoodstairs
LEGACY_KNOWLEDGE_BOOK,0,legacyknowledgebook
LEGACY_LADDER,0,legacyladder
LEGACY_LAPIS_BLOCK,0,legacylapisblock
LEGACY_LAPIS_ORE,0,legacylapisore
LEGACY_LAVA,0,legacylava
LEGACY_LAVA_BUCKET,0,legacylavabucket
LEGACY_LEASH,0,legacyleash
LEGACY_LEATHER,0,legacyleather
LEGACY_LEATHER_BOOTS,0,legacyleatherboots
LEGACY_LEATHER_CHESTPLATE,0,legacyleatherchestplate
LEGACY_LEATHER_HELMET,0,legacyleatherhelmet
LEGACY_LEATHER_LEGGINGS,0,legacyleatherleggings
LEGACY_LEAVES,0,legacyleaves
LEGACY_LEAVES_2,0,legacyleaves2
LEGACY_LEVER,0,legacylever
LEGACY_LIGHT_BLUE_GLAZED_TERRACOTTA,0,legacylightblueglazedterracotta
LEGACY_LIGHT_BLUE_SHULKER_BOX,0,legacylightblueshulkerbox
LEGACY_LIME_GLAZED_TERRACOTTA,0,legacylimeglazedterracotta
LEGACY_LIME_SHULKER_BOX,0,legacylimeshulkerbox
LEGACY_LINGERING_POTION,0,legacylingeringpotion
LEGACY_LOG,0,legacylog
LEGACY_LOG_2,0,legacylog2
LEGACY_LONG_GRASS,0,legacylonggrass
LEGACY_MAGENTA_GLAZED_TERRACOTTA,0,legacymagentaglazedterracotta
LEGACY_MAGENTA_SHULKER_BOX,0,legacymagentashulkerbox
LEGACY_MAGMA,0,legacymagma
LEGACY_MAGMA_CREAM,0,legacymagmacream
LEGACY_MAP,0,legacymap
LEGACY_MELON,0,legacymelon
LEGACY_MELON_BLOCK,0,legacymelonblock
LEGACY_MELON_SEEDS,0,legacymelonseeds
LEGACY_MELON_STEM,0,legacymelonstem
LEGACY_MILK_BUCKET,0,legacymilkbucket
LEGACY_MINECART,0,legacyminecart
LEGACY_MOB_SPAWNER,0,legacymobspawner
LEGACY_MONSTER_EGG,0,legacymonsteregg
LEGACY_MONSTER_EGGS,0,legacymonstereggs
LEGACY_MOSSY_COBBLESTONE,0,legacymossycobblestone
LEGACY_MUSHROOM_SOUP,0,legacymushroomsoup
LEGACY_MUTTON,0,legacymutton
LEGACY_MYCEL,0,legacymycel
LEGACY_NAME_TAG,0,legacynametag
LEGACY_NETHER_BRICK,0,legacynetherbrick
LEGACY_NETHER_BRICK_ITEM,0,legacynetherbrickitem
LEGACY_NETHER_BRICK_STAIRS,0,legacynetherbrickstairs
LEGACY_NETHER_FENCE,0,legacynetherfence
LEGACY_NETHER_STALK,0,legacynetherstalk
LEGACY_NETHER_STAR,0,legacynetherstar
LEGACY_NETHER_WART_BLOCK,0,legacynetherwartblock
LEGACY_NETHER_WARTS,0,legacynetherwarts
LEGACY_NETHERRACK,0,legacynetherrack
LEGACY_NOTE_BLOCK,0,legacynoteblock
LEGACY_OBSERVER,0,legacyobserver
LEGACY_OBSIDIAN,0,legacyobsidian
LEGACY_ORANGE_GLAZED_TERRACOTTA,0,legacyorangeglazedterracotta
LEGACY_ORANGE_SHULKER_BOX,0,legacyorangeshulkerbox
LEGACY_PACKED_ICE,0,legacypackedice
LEGACY_PAINTING,0,legacypainting
LEGACY_PAPER,0,legacypaper
LEGACY_PINK_GLAZED_TERRACOTTA,0,legacypinkglazedterracotta
LEGACY_PINK_SHULKER_BOX,0,legacypinkshulkerbox
LEGACY_PISTON_BASE,0,legacypistonbase
LEGACY_PISTON_EXTENSION,0,legacypistonextension
LEGACY_PISTON_MOVING_PIECE,0,legacypistonmovingpiece
LEGACY_PISTON_STICKY_BASE,0,legacypistonstickybase
LEGACY_POISONOUS_POTATO,0,legacypoisonouspotato
LEGACY_PORK,0,legacypork
LEGACY_PORTAL,0,legacyportal
LEGACY_POTATO,0,legacypotato
LEGACY_POTATO_ITEM,0,legacypotatoitem
LEGACY_POTION,0,legacypotion
LEGACY_POWERED_MINECART,0,legacypoweredminecart
LEGACY_POWERED_RAIL,0,legacypoweredrail
LEGACY_PRISMARINE,0,legacyprismarine
LEGACY_PRISMARINE_CRYSTALS,0,legacyprismarinecrystals
LEGACY_PRISMARINE_SHARD,0,legacyprismarineshard
LEGACY_PUMPKIN,0,legacypumpkin
LEGACY_PUMPKIN_PIE,0,legacypumpkinpie
LEGACY_PUMPKIN_SEEDS,0,legacypumpkinseeds
LEGACY_PUMPKIN_STEM,0,legacypumpkinstem
LEGACY_PURPLE_GLAZED_TERRACOTTA,0,legacypurpleglazedterracotta
LEGACY_PURPLE_SHULKER_BOX,0,legacypurpleshulkerbox
LEGACY_PURPUR_BLOCK,0,legacypurpurblock
LEGACY_PURPUR_DOUBLE_SLAB,0,legacypurpurdoubleslab
LEGACY_PURPUR_PILLAR,0,legacypurpurpillar
LEGACY_PURPUR_SLAB,0,legacypurpurslab
LEGACY_PURPUR_STAIRS,0,legacypurpurstairs
LEGACY_QUARTZ,0,legacyquartz
LEGACY_QUARTZ_BLOCK,0,legacyquartzblock
LEGACY_QUARTZ_ORE,0,legacyquartzore
LEGACY_QUARTZ_STAIRS,0,legacyquartzstairs
LEGACY_RABBIT,0,legacyrabbit
LEGACY_RABBIT_FOOT,0,legacyrabbitfoot
LEGACY_RABBIT_HIDE,0,legacyrabbithide
LEGACY_RABBIT_STEW,0,legacyrabbitstew
LEGACY_RAILS,0,legacyrails
LEGACY_RAW_BEEF,0,legacyrawbeef
LEGACY_RAW_CHICKEN,0,legacyrawchicken
LEGACY_RAW_FISH,0,legacyrawfish
LEGACY_RECORD_10,0,legacyrecord10
LEGACY_RECORD_11,0,legacyrecord11
LEGACY_RECORD_12,0,legacyrecord12
LEGACY_RECORD_3,0,legacyrecord3
LEGACY_RECORD_4,0,legacyrecord4
LEGACY_RECORD_5,0,legacyrecord5
LEGACY_RECORD_6,0,legacyrecord6
LEGACY_RECORD_7,0,legacyrecord7
LEGACY_RECORD_8,0,legacyrecord8
LEGACY_RECORD_9,0,legacyrecord9
LEGACY_RED_GLAZED_TERRACOTTA,0,legacyredglazedterracotta
LEGACY_RED_MUSHROOM,0,legacyredmushroom
LEGACY_RED_NETHER_BRICK,0,legacyrednetherbrick
LEGACY_RED_ROSE,0,legacyredrose
LEGACY_RED_SANDSTONE,0,legacyredsandstone
LEGACY_RED_SANDSTONE_STAIRS,0,legacyredsandstonestairs
LEGACY_RED_SHULKER_BOX,0,legacyredshulkerbox
LEGACY_REDSTONE,0,legacyredstone
LEGACY_REDSTONE_BLOCK,0,legacyredstoneblock
LEGACY_REDSTONE_COMPARATOR,0,legacyredstonecomparator
LEGACY_REDSTONE_COMPARATOR_OFF,0,legacyredstonecomparatoroff
LEGACY_REDSTONE_COMPARATOR_ON,0,legacyredstonecomparatoron
LEGACY_REDSTONE_LAMP_OFF,0,legacyredstonelampoff
LEGACY_REDSTONE_LAMP_ON,0,legacyredstonelampon
LEGACY_REDSTONE_ORE,0,legacyredstoneore
LEGACY_REDSTONE_TORCH_OFF,0,legacyredstonetorchoff
LEGACY_REDSTONE_TORCH_ON,0,legacyredstonetorchon
LEGACY_REDSTONE_WIRE,0,legacyredstonewire
LEGACY_ROTTEN_FLESH,0,legacyrottenflesh
LEGACY_SADDLE,0,legacysaddle
LEGACY_SAND,0,legacysand
LEGACY_SANDSTONE,0,legacysandstone
LEGACY_SANDSTONE_STAIRS,0,legacysandstonestairs
LEGACY_SAPLING,0,legacysapling
LEGACY_SEA_LANTERN,0,legacysealantern
LEGACY_SEEDS,0,legacyseeds
LEGACY_SHEARS,0,legacyshears
LEGACY_SHIELD,0,legacyshield
LEGACY_SHULKER_SHELL,0,legacyshulkershell
LEGACY_SIGN,0,legacysign
LEGACY_SIGN_POST,0,legacysignpost
LEGACY_SILVER_GLAZED_TERRACOTTA,0,legacysilverglazedterracotta
LEGACY_SILVER_SHULKER_BOX,0,legacysilvershulkerbox
LEGACY_SKULL,0,legacyskull
LEGACY_SKULL_ITEM,0,legacyskullitem
LEGACY_SLIME_BALL,0,legacyslimeball
LEGACY_SLIME_BLOCK,0,legacyslimeblock
LEGACY_SMOOTH_BRICK,0,legacysmoothbrick
LEGACY_SMOOTH_STAIRS,0,legacysmoothstairs
LEGACY_SNOW,0,legacysnow
LEGACY_SNOW_BALL,0,legacysnowball
LEGACY_SNOW_BLOCK,0,legacysnowblock
LEGACY_SOIL,0,legacysoil
LEGACY_SOUL_SAND,0,legacysoulsand
LEGACY_SPECKLED_MELON,0,legacyspeckledmelon
LEGACY_SPECTRAL_ARROW,0,legacyspectralarrow
LEGACY_SPIDER_EYE,0,legacyspidereye
LEGACY_SPLASH_POTION,0,legacysplashpotion
LEGACY_SPONGE,0,legacysponge
LEGACY_SPRUCE_DOOR,0,legacysprucedoor
LEGACY_SPRUCE_DOOR_ITEM,0,legacysprucedooritem
LEGACY_SPRUCE_FENCE,0,legacysprucefence
LEGACY_SPRUCE_FENCE_GATE,0,legacysprucefencegate
LEGACY_SPRUCE_WOOD_STAIRS,0,legacysprucewoodstairs
LEGACY_STAINED_CLAY,0,legacystainedclay
LEGACY_STAINED_GLASS,0,legacystainedglass
LEGACY_STAINED_GLASS_PANE,0,legacystainedglasspane
LEGACY_STANDING_BANNER,0,legacystandingbanner
LEGACY_STATIONARY_LAVA,0,legacystationarylava
LEGACY_STATIONARY_WATER,0,legacystationarywater
LEGACY_STEP,0,legacystep
LEGACY_STICK,0,legacystick
LEGACY_STONE,0,legacystone
LEGACY_STONE_AXE,0,legacystoneaxe
LEGACY_STONE_BUTTON,0,legacystonebutton
LEGACY_STONE_HOE,0,legacystonehoe
LEGACY_STONE_PICKAXE,0,legacystonepickaxe
LEGACY_STONE_PLATE,0,legacystoneplate
LEGACY_STONE_SLAB2,0,legacystoneslab2
LEGACY_STONE_SPADE,0,legacystonespade
LEGACY_STONE_SWORD,0,legacystonesword
LEGACY_STORAGE_MINECART,0,legacystorageminecart
LEGACY_STRING,0,legacystring
LEGACY_STRUCTURE_BLOCK,0,legacystructureblock
LEGACY_STRUCTURE_VOID,0,legacystructurevoid
LEGACY_SUGAR,0,legacysugar
LEGACY_SUGAR_CANE,0,legacysugarcane
LEGACY_SUGAR_CANE_BLOCK,0,legacysugarcaneblock
LEGACY_SULPHUR,0,legacysulphur
LEGACY_THIN_GLASS,0,legacythinglass
LEGACY_TIPPED_ARROW,0,legacytippedarrow
LEGACY_TNT,0,legacytnt
LEGACY_TORCH,0,legacytorch
LEGACY_TOTEM,0,legacytotem
LEGACY_TRAP_DOOR,0,legacytrapdoor
LEGACY_TRAPPED_CHEST,0,legacytrappedchest
LEGACY_TRIPWIRE,0,legacytripwire
LEGACY_TRIPWIRE_HOOK,0,legacytripwirehook
LEGACY_VINE,0,legacyvine
LEGACY_WALL_BANNER,0,legacywallbanner
LEGACY_WALL_SIGN,0,legacywallsign
LEGACY_WATCH,0,legacywatch
LEGACY_WATER,0,legacywater
LEGACY_WATER_BUCKET,0,legacywaterbucket
LEGACY_WATER_LILY,0,legacywaterlily
LEGACY_WEB,0,legacyweb
LEGACY_WHEAT,0,legacywheat
LEGACY_WHITE_GLAZED_TERRACOTTA,0,legacywhiteglazedterracotta
LEGACY_WHITE_SHULKER_BOX,0,legacywhiteshulkerbox
LEGACY_WOOD,0,legacywood
LEGACY_WOOD_AXE,0,legacywoodaxe
LEGACY_WOOD_BUTTON,0,legacywoodbutton
LEGACY_WOOD_DOOR,0,legacywooddoor
LEGACY_WOOD_DOUBLE_STEP,0,legacywooddoublestep
LEGACY_WOOD_HOE,0,legacywoodhoe
LEGACY_WOOD_PICKAXE,0,legacywoodpickaxe
LEGACY_WOOD_PLATE,0,legacywoodplate
LEGACY_WOOD_SPADE,0,legacywoodspade
LEGACY_WOOD_STAIRS,0,legacywoodstairs
LEGACY_WOOD_STEP,0,legacywoodstep
LEGACY_WOOD_SWORD,0,legacywoodsword
LEGACY_WOODEN_DOOR,0,legacywoodendoor
LEGACY_WOOL,0,legacywool
LEGACY_WORKBENCH,0,legacyworkbench
LEGACY_WRITTEN_BOOK,0,legacywrittenbook
LEGACY_YELLOW_FLOWER,0,legacyyellowflower
LEGACY_YELLOW_GLAZED_TERRACOTTA,0,legacyyellowglazedterracotta
LEGACY_YELLOW_SHULKER_BOX,0,legacyyellowshulkerbox
LEVER,0,lever
LIGHT,0,light
LIGHT_BLUE_BANNER,0,lightbluebanner
LIGHT_BLUE_BED,0,lightbluebed
LIGHT_BLUE_CANDLE,0,lightbluecandle
LIGHT_BLUE_CANDLE_CAKE,0,lightbluecandlecake
LIGHT_BLUE_CARPET,0,lightbluecarpet
LIGHT_BLUE_CONCRETE,0,lightblueconcrete
LIGHT_BLUE_CONCRETE_POWDER,0,lightblueconcretepowder
LIGHT_BLUE_DYE,0,lightbluedye
LIGHT_BLUE_GLAZED_TERRACOTTA,0,lightblueglazedterracotta
LIGHT_BLUE_SHULKER_BOX,0,lightblueshulkerbox
LIGHT_BLUE_STAINED_GLASS,0,lightbluestainedglass
LIGHT_BLUE_STAINED_GLASS_PANE,0,lightbluestainedglasspane
LIGHT_BLUE_TERRACOTTA,0,lightblueterracotta
LIGHT_BLUE_WALL_BANNER,0,lightbluewallbanner
LIGHT_BLUE_WOOL,0,lightbluewool
LIGHT_GRAY_BANNER,0,lightgraybanner
LIGHT_GRAY_BED,0,lightgraybed
LIGHT_GRAY_CANDLE,0,lightgraycandle
LIGHT_GRAY_CANDLE_CAKE,0,lightgraycandlecake
LIGHT_GRAY_CARPET,0,lightgraycarpet
LIGHT_GRAY_CONCRETE,0,lightgrayconcrete
LIGHT_GRAY_CONCRETE_POWDER,0,lightgrayconcretepowder
LIGHT_GRAY_DYE,0,lightgraydye
LIGHT_GRAY_GLAZED_TERRACOTTA,0,lightgrayglazedterracotta
LIGHT_GRAY_SHULKER_BOX,0,lightgrayshulkerbox
LIGHT_GRAY_STAINED_GLASS,0,lightgraystainedglass
LIGHT_GRAY_STAINED_GLASS_PANE,0,lightgraystainedglasspane
LIGHT_GRAY_TERRACOTTA,0,lightgrayterracotta
LIGHT_GRAY_WALL_BANNER,0,lightgraywallbanner
LIGHT_GRAY_WOOL,0,lightgraywool
LIGHT_WEIGHTED_PRESSURE_PLATE,0,lightweightedpressureplate
LIGHTNING_ROD,0,lightningrod
LILAC,0,lilac
LILY_OF_THE_VALLEY,0,lilyofthevalley
LILY_PAD,0,lilypad
LIME_BANNER,0,limebanner
LIME_BED,0,limebed
LIME_CANDLE,0,limecandle
LIME_CANDLE_CAKE,0,limecandlecake
LIME_CARPET,0,limecarpet
LIME_CONCRETE,0,limeconcrete
LIME_CONCRETE_POWDER,0,limeconcretepowder
LIME_DYE,0,limedye
LIME_GLAZED_TERRACOTTA,0,limeglazedterracotta
LIME_SHULKER_BOX,0,limeshulkerbox
LIME_STAINED_GLASS,0,limestainedglass
LIME_STAINED_GLASS_PANE,0,limestainedglasspane
LIME_TERRACOTTA,0,limeterracotta
LIME_WALL_BANNER,0,limewallbanner
LIME_WOOL,0,limewool
LINGERING_POTION,0,lingeringpotion
LLAMA_SPAWN_EGG,0,llamaspawnegg
LODESTONE,0,lodestone
LOOM,0,loom
MAGENTA_BANNER,0,magentabanner
MAGENTA_BED,0,magentabed
MAGENTA_CANDLE,0,magentacandle
MAGENTA_CANDLE_CAKE,0,magentacandlecake
MAGENTA_CARPET,0,magentacarpet
MAGENTA_CONCRETE,0,magentaconcrete
MAGENTA_CONCRETE_POWDER,0,magentaconcretepowder
MAGENTA_DYE,0,magentadye
MAGENTA_GLAZED_TERRACOTTA,0,magentaglazedterracotta
MAGENTA_SHULKER_BOX,0,magentashulkerbox
MAGENTA_STAINED_GLASS,0,magentastainedglass
MAGENTA_STAINED_GLASS_PANE,0,magentastainedglasspane
MAGENTA_TERRACOTTA,0,magentaterracotta
MAGENTA_WALL_BANNER,0,magentawallbanner
MAGENTA_WOOL,0,magentawool
MAGMA_BLOCK,0,magmablock
MAGMA_CREAM,0,magmacream
MAGMA_CUBE_SPAWN_EGG,0,magmacubespawnegg
MAP,0,map
MEDIUM_AMETHYST_BUD,0,mediumamethystbud
MELON,0,melon
MELON_SEEDS,0,melonseeds
MELON_SLICE,0,melonslice
MELON_STEM,0,melonstem
MILK_BUCKET,0,milkbucket
MINECART,0,minecart
MOJANG_BANNER_PATTERN,0,mojangbannerpattern
MOOSHROOM_SPAWN_EGG,0,mooshroomspawnegg
MOSS_BLOCK,0,mossblock
MOSS_CARPET,0,mosscarpet
MOSSY_COBBLESTONE,0,mossycobblestone
MOSSY_COBBLESTONE_SLAB,0,mossycobblestoneslab
MOSSY_COBBLESTONE_STAIRS,0,mossycobblestonestairs
MOSSY_COBBLESTONE_WALL,0,mossycobblestonewall
MOSSY_STONE_BRICK_SLAB,0,mossystonebrickslab
MOSSY_STONE_BRICK_STAIRS,0,mossystonebrickstairs
MOSSY_STONE_BRICK_WALL,0,mossystonebrickwall
MOSSY_STONE_BRICKS,0,mossystonebricks
MOVING_PISTON,0,movingpiston
MULE_SPAWN_EGG,0,mulespawnegg
MUSHROOM_STEM,0,mushroomstem
MUSHROOM_STEW,0,mushroomstew
MUSIC_DISC_11,0,musicdisc11
MUSIC_DISC_13,0,musicdisc13
MUSIC_DISC_BLOCKS,0,musicdiscblocks
MUSIC_DISC_CAT,0,musicdisccat
MUSIC_DISC_CHIRP,0,musicdiscchirp
MUSIC_DISC_FAR,0,musicdiscfar
MUSIC_DISC_MALL,0,musicdiscmall
MUSIC_DISC_MELLOHI,0,musicdiscmellohi
MUSIC_DISC_OTHERSIDE,0,musicdiscotherside
MUSIC_DISC_PIGSTEP,0,musicdiscpigstep
MUSIC_DISC_STAL,0,musicdiscstal
MUSIC_DISC_STRAD,0,musicdiscstrad
MUSIC_DISC_WAIT,0,musicdiscwait
MUSIC_DISC_WARD,0,musicdiscward
MUTTON,0,mutton
MYCELIUM,0,mycelium
NAME_TAG,0,nametag
NAUTILUS_SHELL,0,nautilusshell
NETHER_BRICK,0,netherbrick
NETHER_BRICK_FENCE,0,netherbrickfence
NETHER_BRICK_SLAB,0,netherbrickslab
NETHER_BRICK_STAIRS,0,netherbrickstairs
NETHER_BRICK_WALL,0,netherbrickwall
NETHER_BRICKS,0,netherbricks
NETHER_GOLD_ORE,0,nethergoldore
NETHER_PORTAL,0,netherportal
NETHER_QUARTZ_ORE,0,netherquartzore
NETHER_SPROUTS,0,nethersprouts
NETHER_STAR,0,netherstar
NETHER_WART,0,netherwart
NETHER_WART_BLOCK,0,netherwartblock
NETHERITE_AXE,0,netheriteaxe
NETHERITE_BLOCK,0,netheriteblock
NETHERITE_BOOTS,0,netheriteboots
NETHERITE_CHESTPLATE,0,netheritechestplate
NETHERITE_HELMET,0,netheritehelmet
NETHERITE_HOE,0,netheritehoe
NETHERITE_INGOT,0,netheriteingot
NETHERITE_LEGGINGS,0,netheriteleggings
NETHERITE_PICKAXE,0,netheritepickaxe
NETHERITE_SCRAP,0,netheritescrap
NETHERITE_SHOVEL,0,netheriteshovel
NETHERITE_SWORD,0,netheritesword
NETHERRACK,0,netherrack
NOTE_BLOCK,0,noteblock
OAK_BOAT,0,oakboat
OAK_BUTTON,0,oakbutton
OAK_DOOR,0,oakdoor
OAK_FENCE,0,oakfence
OAK_FENCE_GATE,0,oakfencegate
OAK_LEAVES,0,oakleaves
OAK_LOG,0,oaklog
OAK_PLANKS,0,oakplanks
OAK_PRESSURE_PLATE,0,oakpressureplate
OAK_SAPLING,0,oaksapling
OAK_SIGN,0,oaksign
OAK_SLAB,0,oakslab
OAK_STAIRS,0,oakstairs
OAK_TRAPDOOR,0,oaktrapdoor
OAK_WALL_SIGN,0,oakwallsign
OAK_WOOD,0,oakwood
OBSERVER,0,observer
OBSIDIAN,0,obsidian
OCELOT_SPAWN_EGG,0,ocelotspawnegg
ORANGE_BANNER,0,orangebanner
ORANGE_BED,0,orangebed
ORANGE_CANDLE,0,orangecandle
ORANGE_CANDLE_CAKE,0,orangecandlecake
ORANGE_CARPET,0,orangecarpet
ORANGE_CONCRETE,0,orangeconcrete
ORANGE_CONCRETE_POWDER,0,orangeconcretepowder
ORANGE_DYE,0,orangedye
ORANGE_GLAZED_TERRACOTTA,0,orangeglazedterracotta
ORANGE_SHULKER_BOX,0,orangeshulkerbox
ORANGE_STAINED_GLASS,0,orangestainedglass
ORANGE_STAINED_GLASS_PANE,0,orangestainedglasspane
ORANGE_TERRACOTTA,0,orangeterracotta
ORANGE_TULIP,0,orangetulip
ORANGE_WALL_BANNER,0,orangewallbanner
ORANGE_WOOL,0,orangewool
OXEYE_DAISY,0,oxeyedaisy
OXIDIZED_COPPER,0,oxidizedcopper
OXIDIZED_CUT_COPPER,0,oxidizedcutcopper
OXIDIZED_CUT_COPPER_SLAB,0,oxidizedcutcopperslab
OXIDIZED_CUT_COPPER_STAIRS,0,oxidizedcutcopperstairs
PACKED_ICE,0,packedice
PAINTING,0,painting
PANDA_SPAWN_EGG,0,pandaspawnegg
PAPER,0,paper
PARROT_SPAWN_EGG,0,parrotspawnegg
PEONY,0,peony
PETRIFIED_OAK_SLAB,0,petrifiedoakslab
PHANTOM_MEMBRANE,0,phantommembrane
PHANTOM_SPAWN_EGG,0,phantomspawnegg
PIG_SPAWN_EGG,0,pigspawnegg
PIGLIN_BANNER_PATTERN,0,piglinbannerpattern
PIGLIN_BRUTE_SPAWN_EGG,0,piglinbrutespawnegg
PIGLIN_SPAWN_EGG,0,piglinspawnegg
PILLAGER_SPAWN_EGG,0,pillagerspawnegg
PINK_BANNER,0,pinkbanner
PINK_BED,0,pinkbed
PINK_CANDLE,0,pinkcandle
PINK_CANDLE_CAKE,0,pinkcandlecake
PINK_CARPET,0,pinkcarpet
PINK_CONCRETE,0,pinkconcrete
PINK_CONCRETE_POWDER,0,pinkconcretepowder
PINK_DYE,0,pinkdye
PINK_GLAZED_TERRACOTTA,0,pinkglazedterracotta
PINK_SHULKER_BOX,0,pinkshulkerbox
PINK_STAINED_GLASS,0,pinkstainedglass
PINK_STAINED_GLASS_PANE,0,pinkstainedglasspane
PINK_TERRACOTTA,0,pinkterracotta
PINK_TULIP,0,pinktulip
PINK_WALL_BANNER,0,pinkwallbanner
PINK_WOOL,0,pinkwool
PISTON,0,piston
PISTON_HEAD,0,pistonhead
PLAYER_HEAD,0,playerhead
PLAYER_WALL_HEAD,0,playerwallhead
PODZOL,0,podzol
POINTED_DRIPSTONE,0,pointeddripstone
POISONOUS_POTATO,0,poisonouspotato
POLAR_BEAR_SPAWN_EGG,0,polarbearspawnegg
POLISHED_ANDESITE,0,polishedandesite
POLISHED_ANDESITE_SLAB,0,polishedandesiteslab
POLISHED_ANDESITE_STAIRS,0,polishedandesitestairs
POLISHED_BASALT,0,polishedbasalt
POLISHED_BLACKSTONE,0,polishedblackstone
POLISHED_BLACKSTONE_BRICK_SLAB,0,polishedblackstonebrickslab
POLISHED_BLACKSTONE_BRICK_STAIRS,0,polishedblackstonebrickstairs
POLISHED_BLACKSTONE_BRICK_WALL,0,polishedblackstonebrickwall
POLISHED_BLACKSTONE_BRICKS,0,polishedblackstonebricks
POLISHED_BLACKSTONE_BUTTON,0,polishedblackstonebutton
POLISHED_BLACKSTONE_PRESSURE_PLATE,0,polishedblackstonepressureplate
POLISHED_BLACKSTONE_SLAB,0,polishedblackstoneslab
POLISHED_BLACKSTONE_STAIRS,0,polishedblackstonestairs
POLISHED_BLACKSTONE_WALL,0,polishedblackstonewall
POLISHED_DEEPSLATE,0,polisheddeepslate
POLISHED_DEEPSLATE_SLAB,0,polisheddeepslateslab
POLISHED_DEEPSLATE_STAIRS,0,polisheddeepslatestairs
POLISHED_DEEPSLATE_WALL,0,polisheddeepslatewall
POLISHED_DIORITE,0,polisheddiorite
POLISHED_DIORITE_SLAB,0,polisheddioriteslab
POLISHED_DIORITE_STAIRS,0,polisheddioritestairs
POLISHED_GRANITE,0,polishedgranite
POLISHED_GRANITE_SLAB,0,polishedgraniteslab
POLISHED_GRANITE_STAIRS,0,polishedgranitestairs
POPPED_CHORUS_FRUIT,0,poppedchorusfruit
POPPY,0,poppy
PORKCHOP,0,porkchop
POTATO,0,potato
POTATOES,0,potatoes
POTION,0,potion
POTTED_ACACIA_SAPLING,0,pottedacaciasapling
POTTED_ALLIUM,0,pottedallium
POTTED_AZALEA_BUSH,0,pottedazaleabush
POTTED_AZURE_BLUET,0,pottedazurebluet
POTTED_BAMBOO,0,pottedbamboo
POTTED_BIRCH_SAPLING,0,pottedbirchsapling
POTTED_BLUE_ORCHID,0,pottedblueorchid
POTTED_BROWN_MUSHROOM,0,pottedbrownmushroom
POTTED_CACTUS,0,pottedcactus
POTTED_CORNFLOWER,0,pottedcornflower
POTTED_CRIMSON_FUNGUS,0,pottedcrimsonfungus
POTTED_CRIMSON_ROOTS,0,pottedcrimsonroots
POTTED_DANDELION,0,potteddandelion
POTTED_DARK_OAK_SAPLING,0,potteddarkoaksapling
POTTED_DEAD_BUSH,0,potteddeadbush
POTTED_FERN,0,pottedfern
POTTED_FLOWERING_AZALEA_BUSH,0,pottedfloweringazaleabush
POTTED_JUNGLE_SAPLING,0,pottedjunglesapling
POTTED_LILY_OF_THE_VALLEY,0,pottedlilyofthevalley
POTTED_OAK_SAPLING,0,pottedoaksapling
POTTED_ORANGE_TULIP,0,pottedorangetulip
POTTED_OXEYE_DAISY,0,pottedoxeyedaisy
POTTED_PINK_TULIP,0,pottedpinktulip
POTTED_POPPY,0,pottedpoppy
POTTED_RED_MUSHROOM,0,pottedredmushroom
POTTED_RED_TULIP,0,pottedredtulip
POTTED_SPRUCE_SAPLING,0,pottedsprucesapling
POTTED_WARPED_FUNGUS,0,pottedwarpedfungus
POTTED_WARPED_ROOTS,0,pottedwarpedroots
POTTED_WHITE_TULIP,0,pottedwhitetulip
POTTED_WITHER_ROSE,0,pottedwitherrose
POWDER_SNOW,0,powdersnow
POWDER_SNOW_BUCKET,0,powdersnowbucket
POWDER_SNOW_CAULDRON,0,powdersnowcauldron
POWERED_RAIL,0,poweredrail
PRISMARINE,0,prismarine
PRISMARINE_BRICK_SLAB,0,prismarinebrickslab
PRISMARINE_BRICK_STAIRS,0,prismarinebrickstairs
PRISMARINE_BRICKS,0,prismarinebricks
PRISMARINE_CRYSTALS,0,prismarinecrystals
PRISMARINE_SHARD,0,prismarineshard
PRISMARINE_SLAB,0,prismarineslab
PRISMARINE_STAIRS,0,prismarinestairs
PRISMARINE_WALL,0,prismarinewall
PUFFERFISH,0,pufferfish
PUFFERFISH_BUCKET,0,pufferfishbucket
PUFFERFISH_SPAWN_EGG,0,pufferfishspawnegg
PUMPKIN,0,pumpkin
PUMPKIN_PIE,0,pumpkinpie
PUMPKIN_SEEDS,0,pumpkinseeds
PUMPKIN_STEM,0,pumpkinstem
PURPLE_BANNER,0,purplebanner
PURPLE_BED,0,purplebed
PURPLE_CANDLE,0,purplecandle
PURPLE_CANDLE_CAKE,0,purplecandlecake
PURPLE_CARPET,0,purplecarpet
PURPLE_CONCRETE,0,purpleconcrete
PURPLE_CONCRETE_POWDER,0,purpleconcretepowder
PURPLE_DYE,0,purpledye
PURPLE_GLAZED_TERRACOTTA,0,purpleglazedterracotta
PURPLE_SHULKER_BOX,0,purpleshulkerbox
PURPLE_STAINED_GLASS,0,purplestainedglass
PURPLE_STAINED_GLASS_PANE,0,purplestainedglasspane
PURPLE_TERRACOTTA,0,purpleterracotta
PURPLE_WALL_BANNER,0,purplewallbanner
PURPLE_WOOL,0,purplewool
PURPUR_BLOCK,0,purpurblock
PURPUR_PILLAR,0,purpurpillar
PURPUR_SLAB,0,purpurslab
PURPUR_STAIRS,0,purpurstairs
QUARTZ,0,quartz
QUARTZ_BLOCK,0,quartzblock
QUARTZ_BRICKS,0,quartzbricks
QUARTZ_PILLAR,0,quartzpillar
QUARTZ_SLAB,0,quartzslab
QUARTZ_STAIRS,0,quartzstairs
RABBIT,0,rabbit
RABBIT_FOOT,0,rabbitfoot
RABBIT_HIDE,0,rabbithide
RABBIT_SPAWN_EGG,0,rabbitspawnegg
RABBIT_STEW,0,rabbitstew
RAIL,0,rail
RAVAGER_SPAWN_EGG,0,ravagerspawnegg
RAW_COPPER,0,rawcopper
RAW_COPPER_BLOCK,0,rawcopperblock
RAW_GOLD,0,rawgold
RAW_GOLD_BLOCK,0,rawgoldblock
RAW_IRON,0,rawiron
RAW_IRON_BLOCK,0,rawironblock
RED_BANNER,0,redbanner
RED_BED,0,redbed
RED_CANDLE,0,redcandle
RED_CANDLE_CAKE,0,redcandlecake
RED_CARPET,0,redcarpet
RED_CONCRETE,0,redconcrete
RED_CONCRETE_POWDER,0,redconcretepowder
RED_DYE,0,reddye
RED_GLAZED_TERRACOTTA,0,redglazedterracotta
RED_MUSHROOM,0,redmushroom
RED_MUSHROOM_BLOCK,0,redmushroomblock
RED_NETHER_BRICK_SLAB,0,rednetherbrickslab
RED_NETHER_BRICK_STAIRS,0,rednetherbrickstairs
RED_NETHER_BRICK_WALL,0,rednetherbrickwall
RED_NETHER_BRICKS,0,rednetherbricks
RED_SAND,0,redsand
RED_SANDSTONE,0,redsandstone
RED_SANDSTONE_SLAB,0,redsandstoneslab
RED_SANDSTONE_STAIRS,0,redsandstonestairs
RED_SANDSTONE_WALL,0,redsandstonewall
RED_SHULKER_BOX,0,redshulkerbox
RED_STAINED_GLASS,0,redstainedglass
RED_STAINED_GLASS_PANE,0,redstainedglasspane
RED_TERRACOTTA,0,redterracotta
RED_TULIP,0,redtulip
RED_WALL_BANNER,0,redwallbanner
RED_WOOL,0,redwool
REDSTONE,0,redstone
REDSTONE_BLOCK,0,redstoneblock
REDSTONE_LAMP,0,redstonelamp
REDSTONE_ORE,0,redstoneore
REDSTONE_TORCH,0,redstonetorch
REDSTONE_WALL_TORCH,0,redstonewalltorch
REDSTONE_WIRE,0,redstonewire
REPEATER,0,repeater
REPEATING_COMMAND_BLOCK,0,repeatingcommandblock
RESPAWN_ANCHOR,0,respawnanchor
ROOTED_DIRT,0,rooteddirt
ROSE_BUSH,0,rosebush
ROTTEN_FLESH,0,rottenflesh
SADDLE,0,saddle
SALMON,0,salmon
SALMON_BUCKET,0,salmonbucket
SALMON_SPAWN_EGG,0,salmonspawnegg
SAND,0,sand
SANDSTONE,0,sandstone
SANDSTONE_SLAB,0,sandstoneslab
SANDSTONE_STAIRS,0,sandstonestairs
SANDSTONE_WALL,0,sandstonewall
SCAFFOLDING,0,scaffolding
SCULK_SENSOR,0,sculksensor
SCUTE,0,scute
SEA_LANTERN,0,sealantern
SEA_PICKLE,0,seapickle
SEAGRASS,0,seagrass
SHEARS,0,shears
SHEEP_SPAWN_EGG,0,sheepspawnegg
SHIELD,0,shield
SHROOMLIGHT,0,shroomlight
SHULKER_BOX,0,shulkerbox
SHULKER_SHELL,0,shulkershell
SHULKER_SPAWN_EGG,0,shulkerspawnegg
SILVERFISH_SPAWN_EGG,0,silverfishspawnegg
SKELETON_HORSE_SPAWN_EGG,0,skeletonhorsespawnegg
SKELETON_SKULL,0,skeletonskull
SKELETON_SPAWN_EGG,0,skeletonspawnegg
SKELETON_WALL_SKULL,0,skeletonwallskull
SKULL_BANNER_PATTERN,0,skullbannerpattern
SLIME_BALL,0,slimeball
SLIME_BLOCK,0,slimeblock
SLIME_SPAWN_EGG,0,slimespawnegg
SMALL_AMETHYST_BUD,0,smallamethystbud
SMALL_DRIPLEAF,0,smalldripleaf
SMITHING_TABLE,0,smithingtable
SMOKER,0,smoker
SMOOTH_BASALT,0,smoothbasalt
SMOOTH_QUARTZ,0,smoothquartz
SMOOTH_QUARTZ_SLAB,0,smoothquartzslab
SMOOTH_QUARTZ_STAIRS,0,smoothquartzstairs
SMOOTH_RED_SANDSTONE,0,smoothredsandstone
SMOOTH_RED_SANDSTONE_SLAB,0,smoothredsandstoneslab
SMOOTH_RED_SANDSTONE_STAIRS,0,smoothredsandstonestairs
SMOOTH_SANDSTONE,0,smoothsandstone
SMOOTH_SANDSTONE_SLAB,0,smoothsandstoneslab
SMOOTH_SANDSTONE_STAIRS,0,smoothsandstonestairs
SMOOTH_STONE,0,smoothstone
SMOOTH_STONE_SLAB,0,smoothstoneslab
SNOW,0,snow
SNOW_BLOCK,0,snowblock
SNOWBALL,0,snowball
SOUL_CAMPFIRE,0,soulcampfire
SOUL_FIRE,0,soulfire
SOUL_LANTERN,0,soullantern
SOUL_SAND,0,soulsand
SOUL_SOIL,0,soulsoil
SOUL_TORCH,0,soultorch
SOUL_WALL_TORCH,0,soulwalltorch
SPAWNER,0,spawner
SPECTRAL_ARROW,0,spectralarrow
SPIDER_EYE,0,spidereye
SPIDER_SPAWN_EGG,0,spiderspawnegg
SPLASH_POTION,0,splashpotion
SPONGE,0,sponge
SPORE_BLOSSOM,0,sporeblossom
SPRUCE_BOAT,0,spruceboat
SPRUCE_BUTTON,0,sprucebutton
SPRUCE_DOOR,0,sprucedoor
SPRUCE_FENCE,0,sprucefence
SPRUCE_FENCE_GATE,0,sprucefencegate
SPRUCE_LEAVES,0,spruceleaves
SPRUCE_LOG,0,sprucelog
SPRUCE_PLANKS,0,spruceplanks
SPRUCE_PRESSURE_PLATE,0,sprucepressureplate
SPRUCE_SAPLING,0,sprucesapling
SPRUCE_SIGN,0,sprucesign
SPRUCE_SLAB,0,spruceslab
SPRUCE_STAIRS,0,sprucestairs
SPRUCE_TRAPDOOR,0,sprucetrapdoor
SPRUCE_WALL_SIGN,0,sprucewallsign
SPRUCE_WOOD,0,sprucewood
SPYGLASS,0,spyglass
SQUID_SPAWN_EGG,0,squidspawnegg
STICK,0,stick
STICKY_PISTON,0,stickypiston
STONE,0,stone
STONE_AXE,0,stoneaxe
STONE_BRICK_SLAB,0,stonebrickslab
STONE_BRICK_STAIRS,0,stonebrickstairs
STONE_BRICK_WALL,0,stonebrickwall
STONE_BRICKS,0,stonebricks
STONE_BUTTON,0,stonebutton
STONE_HOE,0,stonehoe
STONE_PICKAXE,0,stonepickaxe
STONE_PRESSURE_PLATE,0,stonepressureplate
STONE_SHOVEL,0,stoneshovel
STONE_SLAB,0,stoneslab
STONE_STAIRS,0,stonestairs
STONE_SWORD,0,stonesword
STONECUTTER,0,stonecutter
STRAY_SPAWN_EGG,0,strayspawnegg
STRIDER_SPAWN_EGG,0,striderspawnegg
STRING,0,string
STRIPPED_ACACIA_LOG,0,strippedacacialog
STRIPPED_ACACIA_WOOD,0,strippedacaciawood
STRIPPED_BIRCH_LOG,0,strippedbirchlog
STRIPPED_BIRCH_WOOD,0,strippedbirchwood
STRIPPED_CRIMSON_HYPHAE,0,strippedcrimsonhyphae
STRIPPED_CRIMSON_STEM,0,strippedcrimsonstem
STRIPPED_DARK_OAK_LOG,0,strippeddarkoaklog
STRIPPED_DARK_OAK_WOOD,0,strippeddarkoakwood
STRIPPED_JUNGLE_LOG,0,strippedjunglelog
STRIPPED_JUNGLE_WOOD,0,strippedjunglewood
STRIPPED_OAK_LOG,0,strippedoaklog
STRIPPED_OAK_WOOD,0,strippedoakwood
STRIPPED_SPRUCE_LOG,0,strippedsprucelog
STRIPPED_SPRUCE_WOOD,0,strippedsprucewood
STRIPPED_WARPED_HYPHAE,0,strippedwarpedhyphae
STRIPPED_WARPED_STEM,0,strippedwarpedstem
STRUCTURE_BLOCK,0,structureblock
STRUCTURE_VOID,0,structurevoid
SUGAR,0,sugar
SUGAR_CANE,0,sugarcane
SUNFLOWER,0,sunflower
SUSPICIOUS_STEW,0,suspiciousstew
SWEET_BERRIES,0,sweetberries
SWEET_BERRY_BUSH,0,sweetberrybush
TALL_GRASS,0,tallgrass
TALL_SEAGRASS,0,tallseagrass
TARGET,0,target
TERRACOTTA,0,terracotta
TINTED_GLASS,0,tintedglass
TIPPED_ARROW,0,tippedarrow
TNT,0,tnt
TNT_MINECART,0,tntminecart
TORCH,0,torch
TOTEM_OF_UNDYING,0,totemofundying
TRADER_LLAMA_SPAWN_EGG,0,traderllamaspawnegg
TRAPPED_CHEST,0,trappedchest
TRIDENT,0,trident
TRIPWIRE,0,tripwire
TRIPWIRE_HOOK,0,tripwirehook
TROPICAL_FISH,0,tropicalfish
TROPICAL_FISH_BUCKET,0,tropicalfishbucket
TROPICAL_FISH_SPAWN_EGG,0,tropicalfishspawnegg
TUBE_CORAL,0,tubecoral
TUBE_CORAL_BLOCK,0,tubecoralblock
TUBE_CORAL_FAN,0,tubecoralfan
TUBE_CORAL_WALL_FAN,0,tubecoralwallfan
TUFF,0,tuff
TURTLE_EGG,0,turtleegg
TURTLE_HELMET,0,turtlehelmet
TURTLE_SPAWN_EGG,0,turtlespawnegg
TWISTING_VINES,0,twistingvines
TWISTING_VINES_PLANT,0,twistingvinesplant
VEX_SPAWN_EGG,0,vexspawnegg
VILLAGER_SPAWN_EGG,0,villagerspawnegg
VINDICATOR_SPAWN_EGG,0,vindicatorspawnegg
VINE,0,vine
VOID_AIR,0,voidair
WALL_TORCH,0,walltorch
WANDERING_TRADER_SPAWN_EGG,0,wanderingtraderspawnegg
WARPED_BUTTON,0,warpedbutton
WARPED_DOOR,0,warpeddoor
WARPED_FENCE,0,warpedfence
WARPED_FENCE_GATE,0,warpedfencegate
WARPED_FUNGUS,0,warpedfungus
WARPED_FUNGUS_ON_A_STICK,0,warpedfungusonastick
WARPED_HYPHAE,0,warpedhyphae
WARPED_NYLIUM,0,warpednylium
WARPED_PLANKS,0,warpedplanks
WARPED_PRESSURE_PLATE,0,warpedpressureplate
WARPED_ROOTS,0,warpedroots
WARPED_SIGN,0,warpedsign
WARPED_SLAB,0,warpedslab
WARPED_STAIRS,0,warpedstairs
WARPED_STEM,0,warpedstem
WARPED_TRAPDOOR,0,warpedtrapdoor
WARPED_WALL_SIGN,0,warpedwallsign
WARPED_WART_BLOCK,0,warpedwartblock
WATER,0,water
WATER_BUCKET,0,waterbucket
WATER_CAULDRON,0,watercauldron
WAXED_COPPER_BLOCK,0,waxedcopperblock
WAXED_CUT_COPPER,0,waxedcutcopper
WAXED_CUT_COPPER_SLAB,0,waxedcutcopperslab
WAXED_CUT_COPPER_STAIRS,0,waxedcutcopperstairs
WAXED_EXPOSED_COPPER,0,waxedexposedcopper
WAXED_EXPOSED_CUT_COPPER,0,waxedexposedcutcopper
WAXED_EXPOSED_CUT_COPPER_SLAB,0,waxedexposedcutcopperslab
WAXED_EXPOSED_CUT_COPPER_STAIRS,0,waxedexposedcutcopperstairs
WAXED_OXIDIZED_COPPER,0,waxedoxidizedcopper
WAXED_OXIDIZED_CUT_COPPER,0,waxedoxidizedcutcopper
WAXED_OXIDIZED_CUT_COPPER_SLAB,0,waxedoxidizedcutcopperslab
WAXED_OXIDIZED_CUT_COPPER_STAIRS,0,waxedoxidizedcutcopperstairs
WAXED_WEATHERED_COPPER,0,waxedweatheredcopper
WAXED_WEATHERED_CUT_COPPER,0,waxedweatheredcutcopper
WAXED_WEATHERED_CUT_COPPER_SLAB,0,waxedweatheredcutcopperslab
WAXED_WEATHERED_CUT_COPPER_STAIRS,0,waxedweatheredcutcopperstairs
WEATHERED_COPPER,0,weatheredcopper
WEATHERED_CUT_COPPER,0,weatheredcutcopper
WEATHERED_CUT_COPPER_SLAB,0,weatheredcutcopperslab
WEATHERED_CUT_COPPER_STAIRS,0,weatheredcutcopperstairs
WEEPING_VINES,0,weepingvines
WEEPING_VINES_PLANT,0,weepingvinesplant
WET_SPONGE,0,wetsponge
WHEAT,0,wheat
WHEAT_SEEDS,0,wheatseeds
WHITE_BANNER,0,whitebanner
WHITE_BED,0,whitebed
WHITE_CANDLE,0,whitecandle
WHITE_CANDLE_CAKE,0,whitecandlecake
WHITE_CARPET,0,whitecarpet
WHITE_CONCRETE,0,whiteconcrete
WHITE_CONCRETE_POWDER,0,whiteconcretepowder
WHITE_DYE,0,whitedye
WHITE_GLAZED_TERRACOTTA,0,whiteglazedterracotta
WHITE_SHULKER_BOX,0,whiteshulkerbox
WHITE_STAINED_GLASS,0,whitestainedglass
WHITE_STAINED_GLASS_PANE,0,whitestainedglasspane
WHITE_TERRACOTTA,0,whiteterracotta
WHITE_TULIP,0,whitetulip
WHITE_WALL_BANNER,0,whitewallbanner
WHITE_WOOL,0,whitewool
WITCH_SPAWN_EGG,0,witchspawnegg
WITHER_ROSE,0,witherrose
WITHER_SKELETON_SKULL,0,witherskeletonskull
WITHER_SKELETON_SPAWN_EGG,0,witherskeletonspawnegg
WITHER_SKELETON_WALL_SKULL,0,witherskeletonwallskull
WOLF_SPAWN_EGG,0,wolfspawnegg
WOODEN_AXE,0,woodenaxe
WOODEN_HOE,0,woodenhoe
WOODEN_PICKAXE,0,woodenpickaxe
WOODEN_SHOVEL,0,woodenshovel
WOODEN_SWORD,0,woodensword
WRITABLE_BOOK,0,writablebook
WRITTEN_BOOK,0,writtenbook
YELLOW_BANNER,0,yellowbanner
YELLOW_BED,0,yellowbed
YELLOW_CANDLE,0,yellowcandle
YELLOW_CANDLE_CAKE,0,yellowcandlecake
YELLOW_CARPET,0,yellowcarpet
YELLOW_CONCRETE,0,yellowconcrete
YELLOW_CONCRETE_POWDER,0,yellowconcretepowder
YELLOW_DYE,0,yellowdye
YELLOW_GLAZED_TERRACOTTA,0,yellowglazedterracotta
YELLOW_SHULKER_BOX,0,yellowshulkerbox
YELLOW_STAINED_GLASS,0,yellowstainedglass
YELLOW_STAINED_GLASS_PANE,0,yellowstainedglasspane
YELLOW_TERRACOTTA,0,yellowterracotta
YELLOW_WALL_BANNER,0,yellowwallbanner
YELLOW_WOOL,0,yellowwool
ZOGLIN_SPAWN_EGG,0,zoglinspawnegg
ZOMBIE_HEAD,0,zombiehead
ZOMBIE_HORSE_SPAWN_EGG,0,zombiehorsespawnegg
ZOMBIE_SPAWN_EGG,0,zombiespawnegg
ZOMBIE_VILLAGER_SPAWN_EGG,0,zombievillagerspawnegg
ZOMBIE_WALL_HEAD,0,zombiewallhead
ZOMBIFIED_PIGLIN_SPAWN_EGG,0,zombifiedpiglinspawnegg
